timestamp,R1,R2,R3,R4,R5,R6,R7,R8,R9,R10,humidity,temperature,pressure
2026-05-26 19:26:20,38100,29900,23800,19000,15600,12900,10600,8900,7600,6600,44.27,26.39,1019
2026-05-26 19:26:22,37200,29100,22800,18500,15300,12700,10300,8800,7500,6500,44.27,26.40,1019
2026-05-26 19:26:23,36500,28500,22500,18100,15100,12500,10200,8600,7400,6400,44.25,26.41,1019
2026-05-26 19:26:25,35600,28100,22000,17800,14800,12300,10100,8500,7300,6300,44.28,26.41,1019
2026-05-26 19:26:26,34800,27400,21600,17600,14600,12100,9900,8400,7200,6300,44.37,26.41,1019
2026-05-26 19:26:28,34300,27100,21300,17400,14400,11900,9800,8300,7100,6200,44.48,26.42,1019
2026-05-26 19:26:29,33700,26700,21000,17200,14200,11600,9700,8200,7100,6100,44.57,26.43,1019
2026-05-26 19:26:30,33300,26400,20700,16900,14100,11400,9600,8200,7000,6100,44.64,26.43,1019
2026-05-26 19:26:32,33000,26200,20600,16800,14000,11400,9600,8100,7000,6100,44.67,26.43,1019
2026-05-26 19:26:33,32700,25900,20500,16700,13900,11300,9500,8100,6900,6000,44.70,26.43,1019
2026-05-26 19:26:35,32300,25600,20200,16500,13800,11200,9400,8000,6900,6000,44.73,26.44,1019
2026-05-26 19:26:36,32200,25500,20100,16400,13600,11100,9300,8000,6800,6000,44.79,26.45,1019
2026-05-26 19:26:38,31700,25100,19800,16200,13500,11000,9300,7900,6800,5900,44.83,26.44,1019
2026-05-26 19:26:39,31200,24800,19600,16000,13400,10900,9200,7800,6700,5800,44.90,26.45,1019
2026-05-26 19:26:40,30700,24400,19300,15900,13200,10800,9100,7700,6600,5700,44.97,26.45,1019
2026-05-26 19:26:42,30800,24000,19100,15600,13000,10700,9000,7600,6600,5700,45.05,26.45,1019
2026-05-26 19:26:43,30500,23700,18900,15400,12900,10500,8900,7600,6500,5600,45.13,26.46,1019
2026-05-26 19:26:45,30000,23400,18500,15300,12800,10400,8800,7500,6500,5600,45.19,26.46,1019
2026-05-26 19:26:46,29800,22800,18500,15100,12700,10400,8700,7400,6400,5600,45.19,26.46,1019
2026-05-26 19:26:48,29400,22600,18300,15000,12600,10300,8700,7400,6400,5600,45.19,26.47,1019
2026-05-26 19:26:49,29400,22500,18300,15000,12500,10300,8700,7400,6400,5600,45.13,26.46,1019
2026-05-26 19:26:50,29400,22500,18300,15000,12500,10300,8700,7400,6400,5600,45.04,26.47,1019
2026-05-26 19:26:52,29400,22600,18300,15000,12600,10300,8700,7400,6400,5600,44.93,26.48,1019
2026-05-26 19:26:53,29500,22700,18400,15000,12600,10300,8700,7500,6400,5600,44.83,26.47,1019
2026-05-26 19:26:55,29700,22800,18400,15100,12700,10400,8800,7500,6400,5600,44.77,26.48,1019
2026-05-26 19:26:56,29700,22900,18500,15200,12700,10400,8800,7500,6400,5600,44.69,26.48,1019
2026-05-26 19:26:57,29800,22900,18500,15300,12700,10400,8800,7500,6500,5600,44.64,26.48,1019
2026-05-26 19:26:59,30000,23500,18600,15200,12700,10400,8800,7500,6500,5600,44.61,26.48,1019
2026-05-26 19:27:00,30000,23500,18600,15300,12700,10500,8800,7500,6500,5600,44.57,26.49,1019
2026-05-26 19:27:02,30200,23600,18800,15400,12800,10500,8900,7600,6500,5600,44.53,26.49,1019
2026-05-26 19:27:03,30600,23800,18900,15500,12900,10600,8900,7600,6500,5700,44.46,26.50,1019
2026-05-26 19:27:05,30600,23900,18900,15600,13000,10600,9000,7700,6600,5700,44.39,26.50,1019
2026-05-26 19:27:06,30800,24200,19100,15700,13100,10700,9100,7700,6600,5700,44.31,26.50,1019
2026-05-26 19:27:07,31200,24400,19400,15900,13200,10800,9100,7800,6700,5900,44.20,26.51,1019
2026-05-26 19:27:09,31000,24700,19600,16000,13400,10900,9200,7800,6700,5900,44.10,26.51,1019
2026-05-26 19:27:10,31200,24800,19700,16100,13400,10900,9200,7800,6700,5900,44.07,26.51,1019
2026-05-26 19:27:12,30900,24600,19500,16000,13300,10800,9200,7800,6700,5800,44.17,26.52,1019
2026-05-26 19:27:13,30400,24200,19200,15700,13100,10700,9000,7700,6600,5700,44.33,26.51,1019
2026-05-26 19:27:15,30500,23800,18800,15500,12900,10500,8900,7500,6500,5600,44.56,26.52,1019
2026-05-26 19:27:16,29800,22900,18600,15300,12700,10400,8800,7500,6400,5600,44.76,26.53,1019
2026-05-26 19:27:17,29500,22700,18400,15000,12600,10300,8700,7400,6400,5600,44.97,26.53,1019
2026-05-26 19:27:19,29200,22400,18200,14900,12500,10200,8700,7400,6300,5600,45.10,26.54,1019
2026-05-26 19:27:20,28800,22200,18100,14800,12400,10200,8600,7300,6300,5600,45.21,26.53,1019
2026-05-26 19:27:22,28700,22000,17900,14700,12300,10100,8500,7300,6300,5600,45.28,26.54,1019
2026-05-26 19:27:23,28600,21900,17800,14700,12300,10100,8500,7300,6300,5600,45.33,26.54,1019
2026-05-26 19:27:25,28300,21800,17800,14600,12200,10000,8500,7200,6200,5600,45.36,26.54,1019
2026-05-26 19:27:26,28200,21700,17600,14500,12200,10000,8500,7200,6200,5600,45.39,26.55,1019
2026-05-26 19:27:27,28000,21600,17600,14400,12100,9900,8400,7200,6200,5600,45.40,26.55,1019
2026-05-26 19:27:29,28000,21600,17500,14400,12000,9900,8400,7200,6200,5600,45.45,26.55,1019
2026-05-26 19:27:30,27800,21400,17500,14400,12000,9900,8400,7200,6200,5600,45.46,26.55,1019
2026-05-26 19:27:32,27700,21400,17400,14300,12000,9900,8400,7100,6200,5600,45.49,26.56,1019
2026-05-26 19:27:33,27600,21300,17300,14300,11900,9800,8400,7100,6100,5600,45.51,26.56,1019
2026-05-26 19:27:34,27600,21300,17300,14300,11900,9800,8300,7100,6100,5600,45.52,26.56,1019
2026-05-26 19:27:36,27500,21200,17300,14300,11700,9800,8300,7100,6100,5600,45.53,26.56,1019
2026-05-26 19:27:37,27500,21200,17200,14200,11700,9800,8300,7100,6100,5600,45.57,26.57,1019
2026-05-26 19:27:39,27400,21100,17200,14200,11700,9800,8300,7100,6100,5600,45.57,26.57,1019
2026-05-26 19:27:40,27300,21100,17300,14200,11600,9800,8300,7100,6100,5600,45.57,26.56,1019
2026-05-26 19:27:42,27300,21100,17200,14100,11600,9800,8300,7100,6100,5600,45.57,26.57,1019
2026-05-26 19:27:43,27300,21100,17200,14200,11600,9800,8300,7100,6100,5600,45.53,26.57,1019
2026-05-26 19:27:44,27300,21100,17200,14200,11600,9800,8300,7100,6100,5600,45.48,26.57,1019
2026-05-26 19:27:46,27400,21100,17200,14200,11600,9800,8300,7100,6100,5600,45.46,26.57,1019
2026-05-26 19:27:47,27300,21100,17300,14200,11600,9800,8200,7100,6100,5600,45.38,26.57,1019
2026-05-26 19:27:49,27300,21100,17200,14200,11600,9800,8300,7100,6100,5600,45.36,26.57,1019
2026-05-26 19:27:50,27200,21000,17100,14100,11600,9800,8300,7100,6100,5600,45.33,26.58,1019
2026-05-26 19:27:52,27300,21000,17100,14100,11600,9700,8200,7100,6100,5600,45.32,26.58,1019
2026-05-26 19:27:53,27100,21000,17100,14100,11600,9700,8300,7100,6100,5600,45.30,26.58,1019
2026-05-26 19:27:54,27200,21000,17100,14100,11600,9700,8200,7000,6100,5600,45.30,26.58,1019
2026-05-26 19:27:56,27100,20900,17000,14100,11600,9700,8200,7000,6100,5600,45.30,26.57,1019
2026-05-26 19:27:57,27100,20900,17000,14000,11500,9700,8200,7000,6100,5600,45.30,26.58,1019
2026-05-26 19:27:59,27000,20800,17000,14000,11500,9700,8200,7000,6000,5600,45.30,26.58,1019
2026-05-26 19:28:00,27100,20900,17000,14000,11500,9700,8200,7000,6000,5600,45.32,26.58,1019
2026-05-26 19:28:02,26900,20800,17000,14000,11500,9700,8200,7000,6100,5600,45.31,26.58,1019
2026-05-26 19:28:03,26900,20800,16900,14000,11500,9700,8200,7000,6000,5600,45.33,26.59,1019
2026-05-26 19:28:04,26800,20800,17000,14000,11500,9600,8200,7000,6000,5600,45.31,26.59,1019
2026-05-26 19:28:06,26900,20800,16900,14000,11500,9700,8200,7000,6000,5600,45.33,26.58,1019
2026-05-26 19:28:07,26800,20700,16900,14000,11500,9600,8200,7000,6000,5600,45.31,26.59,1019
2026-05-26 19:28:09,26900,20800,16900,13900,11500,9600,8200,7000,6000,5600,45.31,26.58,1019
2026-05-26 19:28:10,26800,20700,16800,13900,11400,9600,8200,7000,6000,5600,45.30,26.59,1019
2026-05-26 19:28:11,26700,20700,16900,14000,11400,9600,8200,7000,6000,5600,45.27,26.58,1019
2026-05-26 19:28:13,26900,20800,16900,13900,11500,9700,8200,7000,6000,5600,45.24,26.59,1019
2026-05-26 19:28:14,26800,20700,16900,13900,11500,9600,8200,7000,6000,5600,45.22,26.59,1019
2026-05-26 19:28:16,26800,20800,16900,13900,11500,9600,8200,7000,6000,5600,45.21,26.59,1019
2026-05-26 19:28:17,26900,20800,16900,14000,11500,9600,8100,7000,6000,5600,45.17,26.60,1019
2026-05-26 19:28:19,26900,20800,17000,14100,11500,9600,8200,7000,6000,5600,45.16,26.59,1019
2026-05-26 19:28:20,26900,20700,16900,13900,11500,9600,8200,7000,6000,5600,45.17,26.59,1019
2026-05-26 19:28:21,26900,20800,16900,13900,11500,9600,8200,7000,6000,5600,45.20,26.59,1019
2026-05-26 19:28:23,26900,20700,16900,13900,11500,9600,8200,7000,6000,5600,45.26,26.60,1019
2026-05-26 19:28:24,26800,20700,16900,14000,11500,9600,8200,7000,6000,5600,45.29,26.60,1019
2026-05-26 19:28:26,26700,20700,16900,13900,11500,9600,8200,7000,6000,5600,45.36,26.60,1019
2026-05-26 19:28:27,26700,20600,16800,13900,11400,9600,8100,7000,6000,5600,45.40,26.60,1019
2026-05-26 19:28:29,26800,20700,16900,13900,11400,9600,8100,7000,6000,5600,45.42,26.59,1019
2026-05-26 19:28:30,26900,20700,16900,13900,11500,9600,8200,7000,6000,5600,45.44,26.60,1019
2026-05-26 19:28:31,26800,20800,17000,13900,11500,9700,8200,7000,6000,5600,45.44,26.60,1019
2026-05-26 19:28:33,26900,20800,16900,14000,11500,9700,8200,7000,6000,5600,45.45,26.60,1019
2026-05-26 19:28:34,26900,20800,17000,14000,11500,9700,8200,7000,6000,5600,45.45,26.60,1019
2026-05-26 19:28:36,27100,20900,17000,14000,11500,9700,8200,7000,6100,5600,45.43,26.60,1019
2026-05-26 19:28:37,27100,20900,17000,14000,11500,9700,8200,7000,6100,5600,45.43,26.60,1019
2026-05-26 19:28:38,26900,20900,17000,14000,11500,9700,8200,7000,6100,5600,45.45,26.60,1019
2026-05-26 19:28:40,27100,20800,17100,14000,11500,9700,8200,7000,6100,5600,45.47,26.61,1019
2026-05-26 19:28:41,27000,20800,17000,14000,11500,9700,8200,7000,6100,5600,45.52,26.61,1019
2026-05-26 19:28:43,26900,20800,16900,14000,11500,9600,8200,7000,6000,5600,45.57,26.61,1019
2026-05-26 19:28:44,26900,20700,16900,14000,11500,9600,8200,7000,6000,5600,45.64,26.61,1019
2026-05-26 19:28:46,26700,20700,16900,14000,11400,9600,8200,7000,6000,5600,45.69,26.61,1019
2026-05-26 19:28:47,26700,20700,16800,13900,11400,9600,8200,7000,6000,5600,45.73,26.61,1019
2026-05-26 19:28:48,26700,20700,16800,13900,11400,9600,8200,7000,6000,5600,45.78,26.61,1019
2026-05-26 19:28:50,26800,20700,16900,13900,11500,9600,8200,7000,6000,5600,45.82,26.61,1019
2026-05-26 19:28:51,26800,20700,16900,13900,11500,9600,8200,7000,6000,5600,45.83,26.61,1019
2026-05-26 19:28:53,26700,20700,16900,13900,11500,9600,8200,7000,6000,5600,45.87,26.61,1019
2026-05-26 19:28:54,26700,20600,16800,13900,11400,9600,8200,7000,6000,5600,45.87,26.62,1019
2026-05-26 19:28:56,26800,20700,16900,13900,11400,9600,8200,7000,6000,5600,45.89,26.61,1019
2026-05-26 19:28:57,26800,20700,16800,13900,11400,9600,8200,7000,6000,5600,45.90,26.61,1019
2026-05-26 19:28:58,26700,20700,16900,13900,11400,9600,8100,7000,6000,5600,45.92,26.62,1019
2026-05-26 19:29:00,26700,20600,16900,13900,11400,9600,8100,7000,6000,5600,45.94,26.61,1019
2026-05-26 19:29:01,26700,20700,16800,13900,11400,9600,8200,7000,6000,5600,45.95,26.62,1019
2026-05-26 19:29:03,26700,20700,16800,13800,11400,9600,8200,7000,6000,5600,45.96,26.62,1019
2026-05-26 19:29:04,26700,20700,16900,13900,11400,9600,8200,7000,6000,5600,45.96,26.61,1019
2026-05-26 19:29:06,26800,20700,16800,13900,11400,9600,8200,7000,6000,5600,45.94,26.62,1019
2026-05-26 19:29:07,26700,20600,16900,13900,11400,9600,8200,7000,6000,5600,45.92,26.62,1019
2026-05-26 19:29:08,26800,20600,16800,13900,11400,9600,8200,7000,6000,5600,45.89,26.62,1019
2026-05-26 19:29:10,26700,20700,16900,13900,11400,9600,8200,7000,6000,5600,45.87,26.62,1019
2026-05-26 19:29:11,26700,20700,16800,13900,11500,9600,8200,7000,6000,5600,45.82,26.62,1019
2026-05-26 19:29:13,26800,20700,16900,13900,11500,9600,8200,7000,6000,5600,45.78,26.62,1019
2026-05-26 19:29:14,26800,20700,16900,14000,11500,9600,8200,7000,6000,5600,45.76,26.62,1019
2026-05-26 19:29:15,26800,20800,16900,14000,11500,9700,8200,7000,6000,5600,45.72,26.62,1019
2026-05-26 19:29:17,26900,20800,17000,14000,11500,9700,8200,7000,6000,5600,45.70,26.62,1019
2026-05-26 19:29:18,26800,20800,17000,14000,11500,9600,8200,7000,6000,5600,45.69,26.62,1019
2026-05-26 19:29:20,26800,20800,16900,14000,11500,9600,8200,7000,6000,5600,45.71,26.62,1019
2026-05-26 19:29:21,26900,20800,17000,14000,11500,9600,8200,7000,6000,5600,45.74,26.63,1019
2026-05-26 19:29:23,26800,20700,16900,14000,11500,9600,8200,7000,6000,5600,45.76,26.63,1019
2026-05-26 19:29:24,26800,20800,17000,14000,11500,9600,8200,7000,6000,5600,45.80,26.63,1019
2026-05-26 19:29:25,26900,20800,16900,14000,11500,9700,8200,7000,6100,5600,45.82,26.64,1019
2026-05-26 19:29:27,26900,20800,17000,14000,11500,9700,8200,7000,6000,5600,45.85,26.64,1019
2026-05-26 19:29:28,27000,20800,17000,14000,11500,9700,8200,7000,6100,5600,45.86,26.64,1019
2026-05-26 19:29:30,26900,20900,17000,14000,11500,9700,8200,7000,6100,5600,45.86,26.64,1019
2026-05-26 19:29:31,27100,20900,17100,14100,11500,9700,8200,7000,6100,5600,45.88,26.64,1019
2026-05-26 19:29:33,27100,20900,17000,14000,11600,9700,8200,7000,6100,5600,45.92,26.65,1019
2026-05-26 19:29:34,27100,20900,17100,14000,11500,9700,8200,7000,6100,5600,45.93,26.64,1019
2026-05-26 19:29:35,27100,20900,17100,14100,11500,9700,8200,7000,6100,5600,45.95,26.64,1019
2026-05-26 19:29:37,27100,20900,17000,14100,11500,9700,8200,7100,6100,5600,45.96,26.64,1019
2026-05-26 19:29:38,27100,20900,17100,14000,11600,9700,8200,7100,6100,5600,45.95,26.65,1019
2026-05-26 19:29:40,27200,21000,17100,14100,11600,9700,8200,7100,6100,5600,45.95,26.64,1019
2026-05-26 19:29:41,27100,21000,17100,14200,11600,9700,8300,7100,6100,5600,45.94,26.64,1019
2026-05-26 19:29:43,27400,21100,17200,14200,11600,9800,8300,7100,6100,5600,45.91,26.65,1019
2026-05-26 19:29:44,27200,21100,17200,14200,11700,9800,8300,7100,6100,5600,45.89,26.65,1019
2026-05-26 19:29:45,27300,21100,17300,14200,11700,9800,8300,7100,6100,5600,45.90,26.64,1019
2026-05-26 19:29:47,27400,21100,17200,14200,11900,9800,8300,7100,6100,5600,45.87,26.64,1019
2026-05-26 19:29:48,27500,21200,17300,14200,11900,9800,8300,7100,6100,5600,45.86,26.64,1019
2026-05-26 19:29:50,27600,21200,17300,14200,11600,9800,8300,7100,6100,5600,45.85,26.64,1019
2026-05-26 19:29:51,27500,21200,17300,14300,11900,9800,8400,7100,6200,5600,45.85,26.64,1019
2026-05-26 19:29:52,27600,21300,17300,14300,12000,9800,8400,7100,6100,5600,45.84,26.64,1019
2026-05-26 19:29:54,27600,21300,17400,14300,12000,9900,8400,7100,6100,5600,45.85,26.64,1019
2026-05-26 19:29:55,27600,21300,17300,14300,12000,9800,8300,7200,6200,5600,45.85,26.63,1019
2026-05-26 19:29:57,27600,21300,17300,14300,12000,9900,8400,7100,6200,5600,45.88,26.64,1019
2026-05-26 19:29:58,27700,21400,17400,14400,12000,9900,8400,7200,6200,5600,45.85,26.64,1019
2026-05-26 19:30:00,27700,21400,17400,14400,12000,9900,8400,7100,6200,5600,45.83,26.64,1019
2026-05-26 19:30:01,27800,21400,17500,14400,12100,9900,8400,7200,6200,5600,45.82,26.64,1019
2026-05-26 19:30:02,27900,21500,17500,14400,12100,9900,8400,7200,6200,5600,45.80,26.64,1019
2026-05-26 19:30:04,27700,21400,17400,14400,12000,9900,8400,7200,6200,5600,45.80,26.64,1019
2026-05-26 19:30:05,27800,21500,17500,14400,12100,9900,8400,7200,6200,5600,45.78,26.65,1019
2026-05-26 19:30:07,28000,21600,17600,14500,12100,10000,8500,7200,6200,5600,45.70,26.64,1019
2026-05-26 19:30:08,28200,21700,17600,14500,12200,10000,8500,7200,6300,5600,45.65,26.64,1019
2026-05-26 19:30:10,28300,21800,17800,14600,12200,10100,8500,7300,6300,5600,45.56,26.64,1019
2026-05-26 19:30:11,28400,21900,17800,14700,12300,10100,8500,7300,6300,5600,45.48,26.64,1019
2026-05-26 19:30:12,28500,21900,17800,14700,12300,10100,8500,7300,6300,5600,45.44,26.64,1019
2026-05-26 19:30:14,28500,21900,17900,14700,12300,10100,8500,7300,6300,5600,45.41,26.64,1019
2026-05-26 19:30:15,28500,21900,17900,14700,12300,10100,8600,7300,6300,5600,45.37,26.64,1019
2026-05-26 19:30:17,28500,22000,17800,14700,12300,10100,8600,7300,6300,5600,45.37,26.63,1019
2026-05-26 19:30:18,28600,22000,17900,14700,12300,10100,8600,7300,6300,5600,45.33,26.63,1019
2026-05-26 19:30:20,28500,21900,17900,14700,12300,10100,8600,7300,6300,5600,45.30,26.63,1019
2026-05-26 19:30:21,28500,22000,17900,14700,12300,10100,8600,7300,6300,5600,45.26,26.63,1019
2026-05-26 19:30:22,28600,22000,17900,14800,12400,10100,8600,7300,6300,5600,45.24,26.63,1019
2026-05-26 19:30:24,28700,22100,18000,14800,12400,10100,8600,7300,6300,5600,45.19,26.64,1019
2026-05-26 19:30:25,28700,22100,18000,14800,12400,10200,8600,7300,6300,5600,45.21,26.63,1019
2026-05-26 19:30:27,28600,22000,18000,14800,12400,10100,8600,7300,6300,5600,45.21,26.63,1019
2026-05-26 19:30:28,28700,22100,18000,14800,12400,10200,8600,7300,6300,5600,45.22,26.63,1019
2026-05-26 19:30:29,28700,22000,17900,14700,12300,10100,8600,7400,6300,5600,45.25,26.63,1019
2026-05-26 19:30:31,28600,22000,18000,14800,12300,10100,8600,7300,6300,5600,45.30,26.63,1019
2026-05-26 19:30:32,28700,22000,18000,14800,12400,10100,8600,7300,6300,5600,45.33,26.63,1019
2026-05-26 19:30:34,28600,22000,17900,14800,12300,10100,8600,7300,6300,5600,45.37,26.64,1019
2026-05-26 19:30:35,28600,22000,17900,14700,12300,10100,8600,7300,6300,5600,45.43,26.64,1019
2026-05-26 19:30:37,28600,22000,17900,14800,12300,10100,8600,7300,6300,5600,45.51,26.63,1019
2026-05-26 19:30:38,28600,22000,17900,14700,12300,10100,8600,7300,6300,5600,45.59,26.63,1019
2026-05-26 19:30:39,28600,21900,17900,14700,12300,10100,8600,7300,6300,5600,45.67,26.64,1019
2026-05-26 19:30:41,28500,22000,17900,14700,12300,10100,8600,7300,6300,5600,45.67,26.64,1019
2026-05-26 19:30:42,28600,22100,18000,14800,12400,10200,8600,7300,6300,5600,45.67,26.64,1019
2026-05-26 19:30:44,28900,22200,18100,14900,12400,10200,8600,7400,6400,5600,45.65,26.64,1019
2026-05-26 19:30:45,28900,22300,18100,14900,12500,10200,8700,7400,6400,5600,45.62,26.63,1019
2026-05-26 19:30:47,29000,22300,18200,15000,12500,10300,8700,7400,6400,5600,45.57,26.63,1019
2026-05-26 19:30:48,29200,22400,18300,15000,12600,10300,8700,7400,6400,5600,45.52,26.63,1019
2026-05-26 19:30:49,29100,22500,18300,15000,12600,10300,8700,7400,6400,5600,45.49,26.63,1019
2026-05-26 19:30:51,29400,22600,18400,15100,12600,10400,8800,7500,6500,5600,45.44,26.63,1019
2026-05-26 19:30:52,29500,22700,18400,15200,12700,10400,8800,7500,6400,5600,45.40,26.62,1019
2026-05-26 19:30:54,29500,22700,18500,15200,12700,10400,8800,7500,6500,5600,45.41,26.63,1019
2026-05-26 19:30:55,29600,22800,18500,15200,12700,10400,8800,7600,6500,5600,45.38,26.63,1019
2026-05-26 19:30:56,29700,22900,18600,15300,12800,10400,8800,7500,6500,5600,45.37,26.62,1019
2026-05-26 19:30:58,29800,22900,18600,15200,12700,10500,8900,7500,6500,5600,45.34,26.62,1019
2026-05-26 19:30:59,29800,23400,18700,15300,12800,10500,8900,7600,6500,5600,45.31,26.62,1019
2026-05-26 19:31:01,29800,23400,18600,15300,12800,10500,8900,7600,6500,5600,45.31,26.62,1019
2026-05-26 19:31:02,29900,23500,18700,15300,12800,10500,8900,7600,6500,5600,45.29,26.62,1019
2026-05-26 19:31:04,30100,23500,18800,15400,12900,10500,8900,7600,6600,5600,45.31,26.62,1019
2026-05-26 19:31:05,30100,23600,18800,15400,12900,10500,8900,7600,6600,5600,45.32,26.62,1019
2026-05-26 19:31:06,30100,23600,18800,15500,12900,10600,8900,7600,6500,5700,45.36,26.62,1019
2026-05-26 19:31:08,30100,23700,18800,15500,12900,10600,8900,7600,6500,5700,45.40,26.62,1019
2026-05-26 19:31:09,30200,23600,18800,15500,13000,10600,9000,7600,6600,5700,45.40,26.61,1019
2026-05-26 19:31:11,30200,23700,18900,15500,12900,10600,9000,7600,6600,5700,45.41,26.62,1019
2026-05-26 19:31:12,30300,23800,19000,15500,13000,10700,9000,7600,6600,5700,45.39,26.62,1019
2026-05-26 19:31:14,30500,23900,19000,15600,13000,10600,9000,7600,6600,5700,45.34,26.62,1019
2026-05-26 19:31:15,30600,23900,19100,15700,13100,10700,9000,7700,6600,5700,45.31,26.61,1019
2026-05-26 19:31:16,30600,24000,19000,15700,13100,10700,9000,7700,6600,5700,45.30,26.61,1019
2026-05-26 19:31:18,30700,24000,19100,15700,13100,10700,9000,7700,6600,5700,45.26,26.61,1019
2026-05-26 19:31:19,30600,24000,19100,15700,13100,10700,9100,7700,6600,5700,45.25,26.61,1019
2026-05-26 19:31:21,30700,24000,19200,15700,13100,10700,9100,7700,6600,5700,45.24,26.61,1019
2026-05-26 19:31:22,30800,24000,19100,15700,13100,10700,9000,7700,6600,5700,45.25,26.61,1019
2026-05-26 19:31:24,30600,24000,19100,15700,13100,10700,9100,7700,6600,5700,45.28,26.60,1019
2026-05-26 19:31:25,30700,24000,19100,15700,13100,10700,9000,7700,6600,5700,45.32,26.60,1019
2026-05-26 19:31:26,30700,24000,19100,15700,13100,10700,9000,7700,6600,5700,45.34,26.60,1019
2026-05-26 19:31:28,30700,24000,19200,15700,13100,10700,9100,7700,6600,5700,45.36,26.60,1019
2026-05-26 19:31:29,30900,24100,19200,15700,13100,10700,9100,7700,6600,5700,45.37,26.61,1019
2026-05-26 19:31:31,30800,24100,19200,15800,13100,10800,9100,7700,6600,5700,45.39,26.60,1019
2026-05-26 19:31:32,30900,24200,19300,15800,13100,10800,9100,7700,6700,5700,45.43,26.60,1019
2026-05-26 19:31:33,30900,24200,19300,15800,13200,10800,9100,7800,6700,5800,45.48,26.60,1019
2026-05-26 19:31:35,30300,24200,19200,15800,13200,10800,9100,7800,6600,5700,45.52,26.60,1019
2026-05-26 19:31:36,30800,24200,19200,15800,13200,10800,9100,7700,6700,5700,45.60,26.60,1019
2026-05-26 19:31:38,30900,24100,19200,15800,13100,10700,9100,7700,6600,5700,45.70,26.61,1019
2026-05-26 19:31:39,30900,24100,19200,15800,13100,10800,9100,7700,6700,5700,45.82,26.60,1019
2026-05-26 19:31:41,30700,24100,19100,15800,13100,10800,9100,7700,6600,5700,45.89,26.60,1019
2026-05-26 19:31:42,30700,24100,19100,15700,13100,10700,9100,7700,6600,5700,45.95,26.60,1019
2026-05-26 19:31:43,30700,24000,19100,15700,13100,10700,9100,7700,6600,5700,46.01,26.61,1019
2026-05-26 19:31:45,30800,24100,19100,15700,13100,10700,9100,7700,6600,5700,46.03,26.61,1019
2026-05-26 19:31:46,30800,24100,19200,15700,13200,10800,9100,7700,6600,5700,46.06,26.61,1019
2026-05-26 19:31:48,30800,24100,19200,15700,13100,10700,9100,7700,6600,5700,46.07,26.61,1019
2026-05-26 19:31:49,31000,24200,19200,15800,13200,10800,9100,7800,6600,5800,46.05,26.61,1019
2026-05-26 19:31:51,30400,24200,19200,15900,13200,10800,9100,7800,6700,5800,46.02,26.61,1019
2026-05-26 19:31:52,30500,24200,19300,15900,13200,10800,9200,7800,6700,5800,46.03,26.61,1019
2026-05-26 19:31:53,30500,24300,19300,15800,13200,10800,9100,7800,6700,5800,46.03,26.61,1019
2026-05-26 19:31:55,30300,24200,19200,15800,13200,10800,9100,7800,6600,5800,46.05,26.62,1019
2026-05-26 19:31:56,30400,24300,19400,15800,13200,10800,9100,7800,6700,5800,46.06,26.62,1019
2026-05-26 19:31:58,30500,24300,19300,15900,13200,10800,9100,7800,6700,5800,46.08,26.61,1019
2026-05-26 19:31:59,30400,24300,19300,15900,13200,10800,9100,7800,6700,5800,46.11,26.62,1019
2026-05-26 19:32:01,30400,24200,19200,15800,13200,10800,9100,7800,6700,5800,46.14,26.62,1019
2026-05-26 19:32:02,30500,24200,19300,15800,13200,10800,9100,7800,6700,5800,46.14,26.63,1019
2026-05-26 19:32:03,30500,24200,19300,15800,13200,10800,9100,7700,6700,5700,46.16,26.62,1019
2026-05-26 19:32:05,31000,24200,19300,15800,13200,10800,9100,7800,6700,5800,46.12,26.62,1019
2026-05-26 19:32:06,30500,24300,19400,15900,13200,10800,9100,7800,6700,5800,46.07,26.62,1019
2026-05-26 19:32:08,30500,24400,19400,15900,13300,10900,9200,7800,6700,5800,46.02,26.62,1019
2026-05-26 19:32:09,30600,24400,19400,15900,13300,10900,9200,7800,6700,5900,45.99,26.62,1019
2026-05-26 19:32:10,30800,24500,19400,16000,13400,10900,9200,7800,6700,5900,45.91,26.62,1019
2026-05-26 19:32:12,30800,24600,19600,16100,13400,10900,9200,7800,6700,5900,45.88,26.62,1019
2026-05-26 19:32:13,30900,24600,19500,16000,13300,10900,9200,7900,6800,5900,45.83,26.62,1019
2026-05-26 19:32:15,31000,24600,19600,16100,13400,10900,9200,7800,6800,5900,45.78,26.62,1019
2026-05-26 19:32:16,31000,24700,19600,16100,13400,11000,9200,7900,6800,5900,45.78,26.63,1019
2026-05-26 19:32:18,30900,24700,19600,16100,13400,10900,9200,7800,6800,5900,45.78,26.62,1019
2026-05-26 19:32:19,31000,24700,19600,16200,13400,11000,9300,7900,6800,5900,45.77,26.63,1019
2026-05-26 19:32:20,30900,24600,19600,16100,13400,11000,9300,7900,6800,5900,45.77,26.63,1019
2026-05-26 19:32:22,31100,24700,19600,16100,13400,11000,9300,7900,6800,5900,45.77,26.63,1019
2026-05-26 19:32:23,30900,24700,19600,16100,13400,11000,9300,7900,6800,5900,45.78,26.63,1019
2026-05-26 19:32:25,31000,24700,19700,16100,13400,11000,9300,7900,6800,5900,45.78,26.63,1019
2026-05-26 19:32:26,31200,24800,19700,16100,13400,11000,9300,7900,6800,5900,45.78,26.63,1019
2026-05-26 19:32:28,31100,24800,19700,16200,13500,11000,9300,7900,6800,5900,45.80,26.64,1019
2026-05-26 19:32:29,31300,24800,19800,16200,13500,11000,9300,7900,6800,5900,45.80,26.64,1019
2026-05-26 19:32:30,31200,24900,19800,16200,13500,11000,9300,7900,6800,5900,45.78,26.63,1019
2026-05-26 19:32:32,31200,24900,19800,16200,13600,11000,9300,7900,6800,5900,45.82,26.63,1019
2026-05-26 19:32:33,31400,24900,19800,16200,13600,11100,9300,7900,6800,5900,45.82,26.63,1019
2026-05-26 19:32:35,31500,25000,19900,16300,13600,11100,9400,7900,6800,6000,45.84,26.64,1019
2026-05-26 19:32:36,31400,25000,19800,16200,13500,11100,9300,7900,6800,6000,45.91,26.64,1019
2026-05-26 19:32:38,31400,25000,19800,16200,13600,11100,9400,7900,6800,6000,45.96,26.64,1019
2026-05-26 19:32:39,31500,25100,19900,16300,13600,11100,9400,8000,6800,6000,46.01,26.65,1019
2026-05-26 19:32:40,31500,25100,19900,16300,13600,11100,9400,8000,6800,5900,46.05,26.64,1019
2026-05-26 19:32:42,31500,25000,19900,16300,13600,11100,9400,8000,6800,6000,46.08,26.65,1019
2026-05-26 19:32:43,31400,25000,19900,16300,13600,11100,9400,8000,6800,6000,46.10,26.64,1019
2026-05-26 19:32:45,31600,25000,20000,16200,13600,11100,9400,8000,6900,6000,46.12,26.64,1019
2026-05-26 19:32:46,31500,25100,19900,16400,13700,11100,9400,8000,6900,6000,46.16,26.64,1019
2026-05-26 19:32:47,31700,25100,20000,16500,13600,11200,9400,8000,6800,6000,46.18,26.64,1019
2026-05-26 19:32:49,31500,25200,20000,16400,13700,11100,9400,8000,6800,6000,46.18,26.65,1019
2026-05-26 19:32:50,31800,25300,20100,16500,13700,11200,9400,8000,6900,6000,46.13,26.65,1019
2026-05-26 19:32:52,31800,25300,20100,16500,13700,11200,9500,8100,6900,6000,46.08,26.64,1019
2026-05-26 19:32:53,31900,25400,20100,16500,13700,11200,9500,8100,6900,6000,46.02,26.64,1019
2026-05-26 19:32:55,31900,25400,20300,16500,13800,11300,9500,8100,6900,6000,45.96,26.64,1019
2026-05-26 19:32:56,32100,25500,20200,16600,13800,11300,9500,8100,6900,6000,45.88,26.64,1019
2026-05-26 19:32:57,32300,25600,20200,16600,13800,11300,9500,8100,6900,6000,45.82,26.63,1019
2026-05-26 19:32:59,32100,25500,20200,16600,13800,11300,9500,8100,6900,6100,45.75,26.63,1019
2026-05-26 19:33:00,32400,25600,20300,16700,13900,11300,9600,8100,7000,6100,45.69,26.63,1019
2026-05-26 19:33:02,32400,25700,20400,16700,14000,11300,9600,8100,7000,6100,45.64,26.63,1019
2026-05-26 19:33:03,32500,25800,20500,16800,14000,11400,9600,8100,7000,6100,45.61,26.63,1019
2026-05-26 19:33:05,32600,25900,20600,16800,14000,11400,9700,8200,7000,6100,45.56,26.63,1019
2026-05-26 19:33:06,32700,26000,20700,16900,14000,11400,9700,8200,7000,6100,45.52,26.63,1019
2026-05-26 19:33:07,32900,26000,20700,16900,14100,11500,9600,8200,7000,6100,45.50,26.63,1019
2026-05-26 19:33:09,32800,26100,20700,16900,14100,11500,9700,8200,7100,6100,45.48,26.63,1019
2026-05-26 19:33:10,32800,26100,20700,17000,14100,11500,9700,8200,7100,6100,45.46,26.63,1019
2026-05-26 19:33:12,33200,26200,20700,16900,14100,11500,9700,8200,7100,6200,45.44,26.63,1019
2026-05-26 19:33:13,33200,26300,20900,17000,14200,11600,9700,8300,7100,6200,45.43,26.63,1019
2026-05-26 19:33:15,33200,26400,20900,17100,14200,11600,9800,8300,7100,6200,45.44,26.64,1019
2026-05-26 19:33:16,33300,26400,20900,17100,14300,11600,9800,8300,7100,6200,45.44,26.64,1019
2026-05-26 19:33:17,33500,26500,20900,17100,14300,11600,9800,8300,7100,6200,45.43,26.63,1019
2026-05-26 19:33:19,33400,26500,21000,17200,14400,11900,9800,8300,7100,6200,45.44,26.64,1019
2026-05-26 19:33:20,33600,26500,21000,17200,14300,11900,9800,8300,7200,6200,45.48,26.64,1019
2026-05-26 19:33:22,33700,26600,21100,17300,14300,11900,9800,8300,7200,6200,45.51,26.64,1019
2026-05-26 19:33:23,33800,26700,21100,17300,14400,12000,9900,8400,7200,6200,45.47,26.64,1019
2026-05-26 19:33:24,33900,26900,21200,17300,14400,12000,9900,8400,7200,6300,45.41,26.64,1019
2026-05-26 19:33:26,34300,27200,21500,17600,14700,12200,10000,8500,7300,6300,45.24,26.64,1019
2026-05-26 19:33:27,34700,27500,21800,17800,14800,12300,10100,8600,7300,6400,45.03,26.63,1019
2026-05-26 19:33:29,35400,27900,22000,18000,15000,12400,10300,8700,7400,6500,44.82,26.63,1019
2026-05-26 19:33:30,36100,28300,22400,18300,15200,12600,10400,8800,7500,6500,44.61,26.63,1019
2026-05-26 19:33:32,36500,28900,22700,18600,15400,12800,10500,8900,7600,6600,44.40,26.63,1019
2026-05-26 19:33:33,37400,29300,23600,18800,15600,12900,10600,9000,7700,6700,44.22,26.63,1019
2026-05-26 19:33:34,37800,29700,23900,19100,15900,13100,10700,9100,7800,6800,44.06,26.63,1019
2026-05-26 19:33:36,38400,30100,24200,19400,16000,13300,10900,9200,7800,6800,43.89,26.62,1019
2026-05-26 19:33:37,39100,30600,24600,19600,16300,13400,11000,9300,7900,6900,43.77,26.63,1019
2026-05-26 19:33:39,39600,30900,24800,19700,16300,13500,11100,9300,8000,6900,43.65,26.63,1019
2026-05-26 19:33:40,40200,31400,25100,20000,16600,13700,11200,9400,8100,7000,43.56,26.63,1019
2026-05-26 19:33:42,40700,31700,25400,20200,16700,13800,11300,9500,8100,7000,43.48,26.63,1019
2026-05-26 19:33:43,41000,32100,25700,20400,16900,13900,11400,9600,8200,7100,43.42,26.62,1019
2026-05-26 19:33:44,41600,32500,25900,20600,17000,14100,11500,9700,8200,7200,43.33,26.62,1019
2026-05-26 19:33:46,42100,32800,26100,20800,17200,14200,11600,9800,8300,7200,43.28,26.63,1019
2026-05-26 19:33:47,42300,33100,26300,20900,17400,14300,11900,9800,8300,7200,43.20,26.63,1019
2026-05-26 19:33:49,42700,33400,26600,21100,17500,14400,12000,9900,8400,7300,43.17,26.63,1019
2026-05-26 19:33:50,43300,33700,26800,21300,17600,14500,12100,9900,8500,7300,43.11,26.62,1019
2026-05-26 19:33:52,43600,34000,27000,21400,17700,14600,12100,10000,8500,7300,43.07,26.62,1019
2026-05-26 19:33:53,43900,34200,27200,21700,17800,14700,12200,10000,8600,7400,43.08,26.63,1019
2026-05-26 19:33:54,44300,34400,27300,21700,17900,14800,12300,10100,8600,7400,43.03,26.63,1019
2026-05-26 19:33:56,44600,34700,27500,21800,18100,14900,12400,10200,8600,7400,43.00,26.62,1019
2026-05-26 19:33:57,45000,34900,27800,22000,18100,15000,12400,10200,8600,7500,42.99,26.63,1019
2026-05-26 19:33:59,45400,35200,27900,22100,18300,15000,12500,10300,8700,7500,42.97,26.63,1019
2026-05-26 19:34:00,45800,35500,28100,22300,18400,15100,12500,10400,8800,7600,42.93,26.62,1019
2026-05-26 19:34:01,46000,35800,28300,22400,18500,15200,12600,10300,8800,7600,42.92,26.63,1019
2026-05-26 19:34:03,46200,35900,28400,22500,18500,15300,12700,10400,8900,7600,42.90,26.62,1019
2026-05-26 19:34:04,46700,36200,28600,22700,18600,15300,12700,10400,8900,7600,42.90,26.63,1019
2026-05-26 19:34:06,46700,36100,28600,22600,18700,15400,12700,10500,8900,7700,42.94,26.63,1019
2026-05-26 19:34:07,46700,36200,28600,22600,18600,15300,12700,10400,8900,7600,42.96,26.63,1019
2026-05-26 19:34:09,46300,35900,28300,22400,18500,15200,12600,10400,8800,7600,43.09,26.63,1019
2026-05-26 19:34:10,45600,35300,28100,22200,18300,15000,12500,10200,8700,7500,43.29,26.63,1019
2026-05-26 19:34:11,44600,34700,27600,21800,18000,14800,12300,10100,8600,7400,43.54,26.63,1019
2026-05-26 19:34:13,44100,34300,27300,21700,17900,14700,12200,10100,8500,7400,43.81,26.63,1019
2026-05-26 19:34:14,43600,33800,27000,21400,17600,14500,12100,10000,8400,7300,44.13,26.63,1019
2026-05-26 19:34:16,42800,33300,26500,21100,17500,14400,12000,9800,8400,7200,44.37,26.63,1019
2026-05-26 19:34:17,42300,33000,26300,20900,17300,14300,11600,9800,8300,7200,44.63,26.63,1019
2026-05-26 19:34:19,41900,32800,26200,20800,17100,14200,11600,9700,8300,7100,44.83,26.64,1019
2026-05-26 19:34:20,41600,32500,25900,20700,17000,14100,11500,9700,8200,7100,45.00,26.63,1019
2026-05-26 19:34:21,41600,32400,25900,20600,17000,14100,11500,9700,8200,7100,45.05,26.64,1019
2026-05-26 19:34:23,41300,32300,25800,20500,17000,14100,11500,9600,8300,7100,45.04,26.63,1019
2026-05-26 19:34:24,41800,32400,25900,20700,17100,14100,11500,9700,8300,7200,44.93,26.63,1019
2026-05-26 19:34:26,41800,32600,26100,20800,17100,14200,11600,9800,8300,7200,44.82,26.64,1019
2026-05-26 19:34:27,42100,32800,26200,20800,17300,14200,11600,9800,8300,7200,44.65,26.63,1019
2026-05-26 19:34:28,42500,33000,26400,21000,17400,14300,12000,9800,8400,7200,44.51,26.63,1019
2026-05-26 19:34:30,42700,33300,26600,21100,17500,14400,12000,9900,8400,7300,44.36,26.63,1019
2026-05-26 19:34:31,43100,33500,26700,21200,17600,14500,12100,9900,8500,7300,44.23,26.63,1019
2026-05-26 19:34:33,43400,33900,27000,21400,17700,14600,12200,10000,8500,7400,44.10,26.63,1019
2026-05-26 19:34:34,43700,34100,27100,21500,17800,14700,12300,10100,8500,7400,43.97,26.63,1019
2026-05-26 19:34:36,44100,34300,27300,21600,17800,14700,12200,10000,8500,7400,43.92,26.63,1019
2026-05-26 19:34:37,44100,34200,27100,21600,17900,14700,12200,10000,8500,7400,43.94,26.64,1019
2026-05-26 19:34:38,43700,34000,27000,21400,17800,14600,12100,10000,8500,7300,44.06,26.64,1019
2026-05-26 19:34:40,43200,33700,26800,21300,17500,14500,12000,10000,8400,7300,44.19,26.64,1019
2026-05-26 19:34:41,42700,33300,26500,21100,17400,14400,12000,9800,8400,7200,44.32,26.64,1019
2026-05-26 19:34:43,42400,33000,26300,20900,17300,14300,11600,9800,8300,7200,44.48,26.64,1019
2026-05-26 19:34:44,41800,32800,26200,20800,17100,14200,11600,9800,8300,7200,44.67,26.65,1019
2026-05-26 19:34:46,41700,32600,26000,20600,17100,14100,11500,9700,8300,7100,44.87,26.64,1019
2026-05-26 19:34:47,41300,32300,25800,20500,17000,14000,11400,9600,8200,7100,45.14,26.65,1019
2026-05-26 19:34:48,41000,31900,25700,20300,16800,13900,11400,9600,8100,7100,45.37,26.65,1019
2026-05-26 19:34:50,40600,31700,25300,20200,16700,13800,11300,9500,8100,7000,45.61,26.65,1019
2026-05-26 19:34:51,40300,31600,25300,20100,16600,13800,11300,9500,8100,7000,45.77,26.65,1019
2026-05-26 19:34:53,40400,31500,25200,20100,16600,13800,11300,9500,8100,7000,45.84,26.65,1019
2026-05-26 19:34:54,40200,31600,25200,20100,16700,13800,11300,9500,8100,7100,45.76,26.65,1019
2026-05-26 19:34:56,40800,31800,25500,20200,16800,13900,11400,9600,8200,7100,45.59,26.65,1019
2026-05-26 19:34:57,41100,32100,25700,20400,16900,13900,11400,9600,8200,7100,45.39,26.65,1019
2026-05-26 19:34:58,41400,32400,25900,20600,17000,14100,11500,9700,8300,7200,45.16,26.65,1019
2026-05-26 19:35:00,42000,32700,26200,20800,17300,14200,11600,9800,8300,7200,44.94,26.65,1019
2026-05-26 19:35:01,42600,33200,26500,21100,17400,14400,12000,9900,8400,7300,44.71,26.64,1019
2026-05-26 19:35:03,43000,33500,26700,21200,17500,14500,12100,9900,8500,7400,44.51,26.65,1019
2026-05-26 19:35:04,43700,34000,27000,21500,17800,14700,12200,10100,8500,7400,44.31,26.65,1019
2026-05-26 19:35:05,44300,34300,27400,21700,17900,14800,12200,10100,8600,7500,44.13,26.64,1019
2026-05-26 19:35:07,44800,34800,27600,22000,18100,14900,12400,10200,8700,7500,43.94,26.65,1019
2026-05-26 19:35:08,45400,35300,28000,22200,18400,15100,12500,10300,8700,7600,43.79,26.64,1019
2026-05-26 19:35:10,45800,35600,28300,22400,18500,15200,12600,10400,8800,7600,43.67,26.64,1019
2026-05-26 19:35:11,46400,36000,28400,22500,18600,15300,12700,10500,8900,7700,43.54,26.64,1019
2026-05-26 19:35:13,47600,36300,28800,22800,18800,15500,12800,10500,8900,7700,43.45,26.64,1019
2026-05-26 19:35:14,48000,36600,29000,23400,18900,15600,12900,10600,9000,7800,43.36,26.64,1019
2026-05-26 19:35:15,48500,36900,29200,23500,19000,15600,13000,10600,9000,7700,43.29,26.58,1019
2026-05-26 19:35:17,48400,36700,29000,22900,18900,15600,12900,10600,9000,7700,43.27,26.59,1019
2026-05-26 19:35:18,48300,36700,29000,22900,18900,15600,13000,10600,9000,7800,43.25,26.59,1019
2026-05-26 19:35:20,48600,36800,29200,23600,19000,15600,13000,10600,9000,7800,43.27,26.60,1019
2026-05-26 19:35:21,48600,37000,29200,23600,19000,15700,13000,10600,9000,7800,43.29,26.60,1019
2026-05-26 19:35:23,48800,37100,29300,23600,19100,15700,13000,10700,9000,7800,43.31,26.60,1019
2026-05-26 19:35:24,48900,37200,29400,23700,19200,15700,13100,10700,9100,7800,43.32,26.60,1019
2026-05-26 19:35:25,49100,37400,29600,23800,19200,15800,13100,10700,9100,7800,43.33,26.59,1019
2026-05-26 19:35:27,49200,37500,29700,23900,19300,15800,13100,10800,9100,7900,43.33,26.60,1019
2026-05-26 19:35:28,49200,37600,29600,24000,19300,15900,13200,10800,9100,7900,43.34,26.60,1019
2026-05-26 19:35:30,49600,37800,29800,24000,19400,16000,13200,10800,9200,7900,43.33,26.60,1019
2026-05-26 19:35:31,49800,37900,29900,24100,19400,16000,13200,10800,9200,7900,43.32,26.59,1019
2026-05-26 19:35:33,50100,37900,29900,24200,19400,16000,13200,10900,9200,7900,43.33,26.58,1019
2026-05-26 19:35:34,50000,38100,30000,24100,19500,16100,13300,10900,9200,7900,43.32,26.59,1019
2026-05-26 19:35:35,50300,38300,30200,24400,19700,16100,13400,10900,9300,8000,43.31,26.58,1019
2026-05-26 19:35:37,50800,38600,30400,24500,19700,16300,13400,11000,9300,8000,43.28,26.59,1019
2026-05-26 19:35:38,51200,38900,30600,24600,19900,16400,13600,11000,9400,8100,43.24,26.59,1019
2026-05-26 19:35:40,51500,39200,30800,24800,20000,16400,13600,11200,9400,8100,43.18,26.58,1019
2026-05-26 19:35:41,52100,39400,31100,25000,20200,16600,13700,11200,9500,8200,43.13,26.58,1019
2026-05-26 19:35:42,52800,40000,31400,25300,20300,16700,13800,11300,9500,8200,43.08,26.59,1019
2026-05-26 19:35:44,53600,40300,31600,25400,20500,16800,13900,11400,9600,8300,43.03,26.59,1019
2026-05-26 19:35:45,53700,40600,31800,25600,20500,16800,13900,11300,9500,8200,43.04,26.59,1019
2026-05-26 19:35:47,52300,39700,31200,25000,20100,16500,13600,11100,9400,8100,43.19,26.58,1019
2026-05-26 19:35:48,50900,38500,30300,24400,19600,16200,13400,10900,9200,7900,43.42,26.58,1019
2026-05-26 19:35:50,49200,37500,29600,23800,19300,15800,13100,10800,9100,7800,43.69,26.59,1019
2026-05-26 19:35:51,48200,36800,29100,22900,19000,15600,12900,10600,8900,7700,43.93,26.59,1019
2026-05-26 19:35:52,46700,36100,28700,22600,18700,15400,12800,10400,8900,7600,44.09,26.58,1019
2026-05-26 19:35:54,46100,35600,28200,22400,18500,15200,12600,10300,8800,7600,44.29,26.58,1019
2026-05-26 19:35:55,44900,34900,27700,22000,18200,14900,12400,10200,8700,7400,44.51,26.58,1019
2026-05-26 19:35:57,43800,34200,27100,21500,17800,14600,12200,10000,8500,7300,44.76,26.59,1019
2026-05-26 19:35:58,42900,33300,26500,21100,17500,14400,12000,9900,8400,7200,45.04,26.58,1019
2026-05-26 19:36:00,41600,32500,25900,20700,17100,14100,11500,9700,8200,7100,45.33,26.58,1019
2026-05-26 19:36:01,40800,31800,25400,20300,16800,13900,11300,9500,8100,7000,45.63,26.58,1019
2026-05-26 19:36:02,39800,31200,24900,19900,16400,13600,11100,9400,8000,6900,45.94,26.59,1019
2026-05-26 19:36:04,39100,30600,24600,19600,16300,13400,11000,9300,7900,6800,46.21,26.58,1019
2026-05-26 19:36:05,38200,29900,24100,19300,16000,13200,10800,9100,7800,6800,46.43,26.59,1019
2026-05-26 19:36:07,37500,29500,23700,19000,15800,13100,10700,9000,7700,6700,46.70,26.59,1019
2026-05-26 19:36:08,36800,29000,22800,18600,15500,12900,10600,8900,7600,6600,46.95,26.59,1019
2026-05-26 19:36:10,36200,28400,22500,18300,15200,12600,10400,8800,7500,6500,47.17,26.59,1019
2026-05-26 19:36:11,35500,28000,22100,18000,15000,12400,10200,8700,7400,6400,47.40,26.60,1019
2026-05-26 19:36:12,34600,27400,21700,17700,14800,12200,10100,8500,7300,6400,47.58,26.59,1019
2026-05-26 19:36:14,34000,27000,21400,17500,14600,12100,10000,8500,7200,6300,47.76,26.58,1019
2026-05-26 19:36:15,33700,26500,21100,17300,14400,12000,9900,8400,7200,6200,47.91,26.59,1019
2026-05-26 19:36:17,32900,26200,20800,17100,14200,11600,9800,8300,7100,6200,48.03,26.59,1019
2026-05-26 19:36:18,32600,25900,20600,16800,14100,11500,9700,8200,7100,6100,48.13,26.59,1019
2026-05-26 19:36:19,32200,25600,20400,16800,13900,11400,9600,8100,7000,6100,48.23,26.60,1019
2026-05-26 19:36:21,31800,25300,20100,16500,13800,11300,9500,8100,6900,6100,48.30,26.59,1019
2026-05-26 19:36:22,31500,25100,20000,16400,13600,11200,9400,8000,6900,6000,48.38,26.60,1019
2026-05-26 19:36:24,31200,24900,19900,16300,13600,11100,9400,8000,6800,6000,48.43,26.57,1019
2026-05-26 19:36:25,31000,24800,19700,16100,13600,11100,9400,8000,6800,6000,48.40,26.59,1019
2026-05-26 19:36:27,31300,25000,19900,16300,13600,11100,9400,8000,6900,6000,48.28,26.59,1019
2026-05-26 19:36:28,31700,25300,20100,16500,13800,11200,9500,8100,7000,6100,48.11,26.59,1019
2026-05-26 19:36:29,32000,25500,20300,16600,13900,11300,9600,8100,7000,6100,47.91,26.59,1019
2026-05-26 19:36:31,32600,25900,20600,16900,14200,11500,9700,8300,7100,6200,47.65,26.59,1019
2026-05-26 19:36:32,33300,26400,21000,17200,14300,12000,9900,8400,7200,6300,47.26,26.59,1019
2026-05-26 19:36:34,34000,27000,21500,17500,14600,12200,10000,8500,7300,6400,46.84,26.59,1019
2026-05-26 19:36:35,34700,27600,21800,17900,14900,12300,10100,8600,7400,6400,46.45,26.59,1019
2026-05-26 19:36:37,35600,28100,22200,18100,15100,12500,10300,8800,7500,6500,46.05,26.59,1019
2026-05-26 19:36:38,36200,28600,22500,18400,15300,12700,10500,8900,7600,6600,45.70,26.58,1019
2026-05-26 19:36:39,36900,29000,23400,18700,15600,12900,10600,8900,7700,6700,45.41,26.58,1019
2026-05-26 19:36:41,37500,29500,23700,19000,15800,13100,10700,9100,7800,6700,45.13,26.59,1019
2026-05-26 19:36:42,38000,29900,24100,19200,15900,13200,10800,9200,7800,6800,44.94,26.58,1019
2026-05-26 19:36:44,38600,30300,24400,19400,16200,13400,10900,9300,7900,6900,44.76,26.58,1019
2026-05-26 19:36:45,39000,30700,24700,19600,16300,13500,11100,9300,8000,6900,44.64,26.57,1019
2026-05-26 19:36:47,39600,31000,24900,19800,16500,13600,11100,9400,8000,7000,44.58,26.57,1019
2026-05-26 19:36:48,40000,31300,25000,20000,16500,13700,11200,9500,8000,7000,44.55,26.57,1019
2026-05-26 19:36:49,39900,31300,25100,20000,16500,13600,11100,9400,8000,6900,44.61,26.54,1019
2026-05-26 19:36:51,39100,30700,24600,19500,16300,13500,11000,9300,7900,6800,44.78,26.55,1019
2026-05-26 19:36:52,38800,30300,24400,19400,16100,13300,10900,9200,7900,6800,44.90,26.56,1019
2026-05-26 19:36:54,38600,30300,24300,19400,16100,13300,10900,9200,7900,6800,44.99,26.56,1019
2026-05-26 19:36:55,38600,30300,24400,19400,16200,13300,10900,9300,7900,6800,45.04,26.56,1019
2026-05-26 19:36:56,38900,30400,24400,19400,16100,13400,10900,9200,7900,6900,45.07,26.56,1019
2026-05-26 19:36:58,38900,30500,24500,19500,16200,13400,10900,9300,7900,6800,45.07,26.56,1019
2026-05-26 19:36:59,38900,30500,24500,19600,16200,13400,11000,9200,7900,6800,45.09,26.56,1019
2026-05-26 19:37:01,38800,30400,24300,19400,16100,13300,10900,9200,7900,6800,45.18,26.56,1019
2026-05-26 19:37:02,38100,30000,24100,19300,16000,13200,10800,9100,7800,6700,45.29,26.56,1019
2026-05-26 19:37:04,37700,29600,23800,19000,15800,13000,10700,9000,7700,6700,45.47,26.56,1019
2026-05-26 19:37:05,37100,29100,23400,18700,15600,12900,10600,9000,7600,6600,45.67,26.56,1019
2026-05-26 19:37:06,36400,28700,22700,18500,15400,12700,10400,8900,7500,6600,45.94,26.57,1019
2026-05-26 19:37:08,35800,28300,22400,18200,15200,12600,10300,8800,7500,6500,46.21,26.56,1019
2026-05-26 19:37:09,35900,28200,22300,18200,15200,12600,10300,8800,7500,6500,46.25,26.54,1019
2026-05-26 19:37:11,36000,28400,22400,18300,15200,12600,10400,8800,7600,6600,46.15,26.55,1019
2026-05-26 19:37:12,36500,28800,22700,18500,15400,12800,10500,8900,7600,6600,45.98,26.56,1019
2026-05-26 19:37:14,37000,29100,23500,18700,15600,12900,10600,9000,7700,6700,45.85,26.56,1019
2026-05-26 19:37:15,37300,29400,23700,18900,15700,13000,10700,9000,7700,6700,45.73,26.56,1019
2026-05-26 19:37:16,37600,29600,23800,19100,15800,13100,10800,9100,7800,6700,45.66,26.55,1019
2026-05-26 19:37:18,38000,29900,24100,19200,16000,13100,10800,9200,7800,6800,45.61,26.55,1019
2026-05-26 19:37:19,38400,30200,24200,19300,16100,13300,10900,9200,7900,6800,45.52,26.56,1019
2026-05-26 19:37:21,38800,30500,24400,19500,16200,13400,11000,9300,7900,6900,45.39,26.52,1019
2026-05-26 19:37:22,39000,30700,24600,19700,16300,13500,11100,9300,7900,6900,45.26,26.51,1019
2026-05-26 19:37:24,39500,30900,24800,19800,16400,13600,11100,9400,8000,6900,45.09,26.48,1019
2026-05-26 19:37:25,39800,31200,24900,19900,16500,13600,11200,9400,8000,7000,44.94,26.46,1019
2026-05-26 19:37:26,39700,31100,25000,19900,16500,13600,11200,9400,8000,7000,44.82,26.47,1019
2026-05-26 19:37:28,39800,31200,25000,19900,16500,13700,11200,9400,8000,6900,44.74,26.47,1019
2026-05-26 19:37:29,39900,31200,25000,19900,16600,13700,11200,9400,8100,7000,44.64,26.48,1019
2026-05-26 19:37:31,40000,31300,25100,20000,16600,13700,11200,9500,8100,7000,44.57,26.49,1019
2026-05-26 19:37:32,40200,31400,25100,20100,16600,13700,11200,9500,8100,7000,44.50,26.49,1019
2026-05-26 19:37:33,40400,31600,25200,20200,16700,13800,11300,9500,8100,7000,44.45,26.50,1019
2026-05-26 19:37:35,40300,31600,25300,20200,16700,13800,11300,9500,8100,7100,44.37,26.50,1019
2026-05-26 19:37:36,40400,31800,25400,20200,16800,13900,11300,9500,8100,7100,44.35,26.50,1019
2026-05-26 19:37:38,40800,31800,25500,20300,16800,13900,11400,9600,8200,7100,44.32,26.50,1019
2026-05-26 19:37:39,40700,31900,25500,20300,16800,13900,11400,9600,8200,7100,44.33,26.50,1019
2026-05-26 19:37:41,40500,31700,25400,20300,16700,13800,11300,9600,8100,7000,44.35,26.51,1019
2026-05-26 19:37:42,40400,31700,25300,20200,16700,13800,11300,9500,8100,7000,44.37,26.51,1019
2026-05-26 19:37:43,40600,31800,25400,20200,16700,13900,11300,9500,8100,7000,44.37,26.51,1019
2026-05-26 19:37:45,40500,31700,25300,20200,16800,13800,11300,9500,8100,7000,44.35,26.51,1019
2026-05-26 19:37:46,40300,31600,25300,20100,16700,13800,11300,9500,8100,7000,44.41,26.51,1019
2026-05-26 19:37:48,40000,31200,25000,19900,16500,13600,11100,9400,8000,6900,44.50,26.51,1019
2026-05-26 19:37:49,39300,30800,24700,19600,16300,13500,11000,9300,7900,6900,44.65,26.52,1019
2026-05-26 19:37:51,38700,30300,24300,19500,16200,13300,10900,9200,7800,6800,44.83,26.52,1019
2026-05-26 19:37:52,37900,29800,24000,19000,15900,13100,10800,9100,7700,6700,45.04,26.51,1019
2026-05-26 19:37:53,37200,29300,23600,18800,15700,13000,10700,9000,7800,6700,45.14,26.44,1019
2026-05-26 19:37:55,37700,29700,23800,19000,15800,13100,10800,9100,7800,6800,45.08,26.45,1019
2026-05-26 19:37:56,38000,29800,24000,19200,15900,13200,10800,9200,7800,6800,44.98,26.46,1019
2026-05-26 19:37:58,38200,30100,24200,19400,16000,13300,10900,9200,7900,6800,44.87,26.46,1019
2026-05-26 19:37:59,38400,30200,24200,19300,16100,13300,10900,9200,7900,6800,44.82,26.47,1019
2026-05-26 19:38:00,38400,30200,24300,19400,16100,13300,10900,9200,7800,6800,44.77,26.47,1019
2026-05-26 19:38:02,38300,30100,24100,19300,16000,13200,10900,9100,7800,6800,44.79,26.47,1019
2026-05-26 19:38:03,38100,29900,24100,19200,16000,13200,10800,9100,7800,6800,44.83,26.45,1019
2026-05-26 19:38:05,37700,29700,23900,19100,15900,13100,10800,9100,7800,6800,44.79,26.33,1019
2026-05-26 19:38:06,38200,30000,24100,19300,16000,13300,10900,9200,7900,6800,44.71,26.28,1019
2026-05-26 19:38:08,38900,30500,24400,19600,16200,13400,11000,9300,7900,6900,44.59,26.23,1019
2026-05-26 19:38:09,39000,31000,24700,19700,16300,13600,11100,9400,8000,7000,44.49,26.16,1019
2026-05-26 19:38:10,39600,31300,25100,20000,16600,13700,11200,9500,8100,7000,44.41,26.12,1019
2026-05-26 19:38:12,40300,31600,25300,20200,16700,13800,11300,9500,8200,7100,44.37,26.07,1019
2026-05-26 19:38:13,40700,32000,25500,20400,16800,14000,11400,9600,8200,7100,44.35,26.06,1019
2026-05-26 19:38:15,41300,32400,25700,20600,17000,14000,11500,9700,8300,7200,44.33,26.02,1019
2026-05-26 19:38:16,41600,32600,25900,20700,17100,14100,11500,9700,8300,7200,44.34,26.06,1019
2026-05-26 19:38:18,41500,32800,26100,20700,17200,14200,11600,9800,8300,7200,44.35,26.09,1019
2026-05-26 19:38:19,42000,33000,26300,20900,17300,14300,11600,9900,8400,7200,44.35,26.10,1019
2026-05-26 19:38:20,42500,33200,26500,21000,17300,14400,12000,9900,8400,7300,44.35,26.11,1019
2026-05-26 19:38:22,42300,33400,26500,21100,17400,14400,12000,9900,8400,7300,44.36,26.11,1019
2026-05-26 19:38:23,42800,33500,26600,21200,17400,14400,12000,9900,8400,7300,44.39,26.11,1019
2026-05-26 19:38:25,42900,33600,26700,21200,17500,14500,12000,9900,8500,7300,44.43,26.12,1019
2026-05-26 19:38:26,42900,33500,26800,21300,17600,14500,12100,9900,8500,7300,44.46,26.12,1019
2026-05-26 19:38:28,43300,33900,26900,21400,17700,14500,12100,10000,8500,7400,44.45,26.13,1019
2026-05-26 19:38:29,43300,34100,27100,21500,17800,14600,12200,10100,8500,7400,44.45,26.13,1019
2026-05-26 19:38:30,43600,34100,27100,21500,17800,14600,12200,10000,8500,7400,44.46,26.14,1019
2026-05-26 19:38:32,43700,34200,27100,21600,17800,14600,12200,10000,8600,7400,44.45,26.14,1019
2026-05-26 19:38:33,43400,34100,27100,21500,17800,14600,12200,10000,8500,7400,44.47,26.14,1019
2026-05-26 19:38:35,43600,34000,27100,21500,17700,14700,12100,10000,8500,7400,44.50,26.14,1019
2026-05-26 19:38:36,43400,34100,27000,21400,17700,14600,12100,10000,8500,7300,44.53,26.15,1019
2026-05-26 19:38:37,42900,33800,26800,21300,17600,14500,12000,9900,8500,7300,44.59,26.15,1019
2026-05-26 19:38:39,42600,33400,26600,21100,17500,14400,12000,9900,8400,7300,44.66,26.16,1019
2026-05-26 19:38:40,42100,33200,26400,21000,17400,14300,11700,9900,8400,7300,44.79,26.16,1019
2026-05-26 19:38:42,42500,33100,26400,21000,17400,14300,11900,9800,8400,7200,44.92,26.17,1019
2026-05-26 19:38:43,42000,33000,26400,20900,17200,14200,11600,9800,8300,7200,45.09,26.18,1019
2026-05-26 19:38:45,41700,32700,26100,20800,17100,14200,11500,9700,8300,7100,45.24,26.18,1019
2026-05-26 19:38:46,41100,32200,25700,20500,17000,14000,11500,9600,8200,7100,45.42,26.18,1019
2026-05-26 19:38:47,40600,31800,25400,20300,16800,13800,11300,9500,8100,7000,45.63,26.20,1019
2026-05-26 19:38:49,40000,31400,25100,20000,16600,13700,11200,9400,8000,7000,45.81,26.20,1019
2026-05-26 19:38:50,39300,30900,24700,19700,16400,13600,11100,9300,8000,6900,45.95,26.21,1019
2026-05-26 19:38:52,38900,30600,24500,19600,16300,13500,11000,9300,7900,6900,46.04,26.22,1019
2026-05-26 19:38:53,39000,30600,24500,19600,16200,13500,11000,9300,7900,6900,46.05,26.22,1019
2026-05-26 19:38:55,39000,30600,24600,19600,16200,13500,11000,9300,8000,6900,46.03,26.23,1019
2026-05-26 19:38:56,39200,30700,24700,19600,16300,13500,11000,9400,8000,6900,45.95,26.24,1019
2026-05-26 19:38:57,39200,30900,24700,19700,16400,13500,11100,9400,8000,6900,45.82,26.24,1019
2026-05-26 19:38:59,39500,31200,25000,19800,16500,13600,11100,9400,8000,7000,45.67,26.24,1019
2026-05-26 19:39:00,40000,31400,25200,20100,16600,13700,11200,9500,8100,7000,45.48,26.25,1019
2026-05-26 19:39:02,40300,31700,25400,20200,16800,13900,11400,9600,8200,7100,45.29,26.25,1019
2026-05-26 19:39:03,41000,32100,25700,20400,17000,14000,11500,9700,8200,7200,45.13,26.25,1019
2026-05-26 19:39:05,41700,32600,26100,20700,17200,14200,11600,9800,8300,7200,44.98,26.25,1019
2026-05-26 19:39:06,42200,33000,26200,20900,17300,14300,11900,9800,8400,7300,44.82,26.25,1019
2026-05-26 19:39:07,42500,33200,26500,21100,17400,14500,12000,9900,8400,7300,44.68,26.26,1019
2026-05-26 19:39:09,42900,33600,26800,21300,17600,14600,12100,10000,8500,7300,44.55,26.26,1019
2026-05-26 19:39:10,43400,33900,27000,21400,17800,14700,12200,10100,8500,7400,44.47,26.27,1019
2026-05-26 19:39:12,44000,34300,27200,21700,17900,14800,12200,10100,8600,7400,44.37,26.27,1019
2026-05-26 19:39:13,44400,34600,27500,21800,17900,14900,12400,10200,8700,7500,44.31,26.27,1019
2026-05-26 19:39:14,44700,34900,27600,21900,18100,14900,12400,10200,8700,7500,44.24,26.28,1019
2026-05-26 19:39:16,45100,35100,27800,22100,18200,15000,12500,10300,8700,7500,44.20,26.28,1019
2026-05-26 19:39:17,45200,35300,27800,22100,18200,15100,12500,10300,8700,7500,44.22,26.29,1019
2026-05-26 19:39:19,45100,35200,27800,22100,18300,15000,12400,10300,8700,7500,44.27,26.29,1019
2026-05-26 19:39:20,44800,34900,27600,21900,18100,14900,12400,10100,8600,7400,44.36,26.31,1019
2026-05-26 19:39:22,43900,34200,27100,21600,17900,14700,12200,10000,8500,7300,44.53,26.30,1019
2026-05-26 19:39:23,43100,33600,26600,21200,17600,14500,12000,9900,8400,7300,44.80,26.31,1019
2026-05-26 19:39:24,42200,33000,26300,20900,17200,14300,11600,9800,8300,7200,45.06,26.31,1019
2026-05-26 19:39:26,41400,32500,25900,20600,17100,14100,11500,9700,8200,7100,45.33,26.31,1019
2026-05-26 19:39:27,40900,31900,25500,20300,16900,13900,11400,9600,8100,7000,45.61,26.32,1019
2026-05-26 19:39:29,40200,31500,25200,20000,16600,13700,11200,9400,8100,7000,45.85,26.32,1019
2026-05-26 19:39:30,39500,31000,24800,19800,16500,13600,11100,9400,8000,6900,46.06,26.33,1019
2026-05-26 19:39:32,38900,30700,24600,19600,16200,13400,11000,9300,7900,6800,46.26,26.33,1019
2026-05-26 19:39:33,38400,30200,24300,19300,16100,13300,10900,9200,7900,6800,46.45,26.33,1019
2026-05-26 19:39:34,37800,29800,24000,19100,15800,13100,10700,9100,7800,6700,46.64,26.34,1019
2026-05-26 19:39:36,37600,29500,23700,19000,15800,13100,10700,9000,7700,6700,46.77,26.34,1019
2026-05-26 19:39:37,36800,29100,23500,18800,15600,12900,10600,9000,7700,6600,46.92,26.34,1019
2026-05-26 19:39:39,36500,28900,22700,18500,15500,12800,10500,8900,7600,6600,47.01,26.35,1019
2026-05-26 19:39:40,36300,28700,22600,18400,15400,12700,10400,8800,7600,6500,47.13,26.35,1019
2026-05-26 19:39:42,35900,28300,22400,18300,15200,12600,10400,8800,7500,6500,47.24,26.36,1019
2026-05-26 19:39:43,35600,28200,22300,18100,15100,12500,10300,8800,7500,6500,47.35,26.36,1019
2026-05-26 19:39:44,35300,27900,22000,18000,15000,12500,10200,8700,7400,6400,47.42,26.37,1019
2026-05-26 19:39:46,35000,27800,21900,17900,15000,12400,10200,8700,7400,6400,47.51,26.38,1019
2026-05-26 19:39:47,34900,27600,21800,17800,14800,12300,10200,8600,7400,6400,47.59,26.38,1019
2026-05-26 19:39:49,34600,27400,21600,17700,14800,12200,10100,8600,7300,6400,47.65,26.38,1019
2026-05-26 19:39:50,34300,27200,21600,17600,14700,12200,10000,8500,7300,6300,47.71,26.38,1019
2026-05-26 19:39:51,34000,27100,21400,17500,14600,12100,10000,8500,7300,6300,47.72,26.38,1019
2026-05-26 19:39:53,33800,27000,21300,17400,14500,12100,9900,8400,7200,6300,47.69,26.39,1019
2026-05-26 19:39:54,33900,26900,21400,17400,14500,12000,10000,8400,7300,6300,47.63,26.39,1019
2026-05-26 19:39:56,33800,26800,21300,17400,14500,12100,10000,8500,7200,6300,47.52,26.39,1019
2026-05-26 19:39:57,33800,26800,21300,17300,14500,12000,10000,8400,7200,6300,47.40,26.39,1019
2026-05-26 19:39:59,33600,26700,21200,17300,14400,12000,9900,8400,7200,6300,47.29,26.39,1019
2026-05-26 19:40:00,33400,26600,21100,17300,14400,11900,9900,8400,7200,6300,47.18,26.40,1019
2026-05-26 19:40:01,33400,26600,21000,17200,14300,11900,9900,8400,7200,6200,47.08,26.40,1019
2026-05-26 19:40:03,33200,26400,20900,17200,14300,11900,9800,8300,7100,6200,47.01,26.40,1019
2026-05-26 19:40:04,33200,26400,20900,17100,14300,11900,9800,8300,7100,6300,46.90,26.40,1019
2026-05-26 19:40:06,33200,26400,20900,17100,14300,11900,9900,8400,7200,6300,46.79,26.40,1019
2026-05-26 19:40:07,33400,26500,21100,17300,14400,11900,9900,8400,7200,6300,46.63,26.41,1019
2026-05-26 19:40:09,33500,26600,21000,17300,14400,12000,9800,8400,7200,6300,46.53,26.40,1019
2026-05-26 19:40:10,33400,26600,21000,17200,14400,11900,9900,8400,7200,6300,46.40,26.41,1019
2026-05-26 19:40:11,33600,26700,21100,17300,14500,12000,9900,8400,7200,6300,46.32,26.40,1019
2026-05-26 19:40:13,33500,26600,21100,17300,14400,12000,9900,8400,7200,6300,46.18,26.41,1019
2026-05-26 19:40:14,33500,26700,21200,17400,14400,12000,9900,8400,7200,6300,46.10,26.40,1019
2026-05-26 19:40:16,33600,26700,21200,17300,14500,12000,9900,8400,7200,6200,46.10,26.40,1019
2026-05-26 19:40:17,33500,26600,21100,17200,14400,11900,9900,8400,7200,6200,46.18,26.40,1019
2026-05-26 19:40:18,33400,26500,21000,17200,14400,12000,9800,8400,7200,6200,46.31,26.40,1019
2026-05-26 19:40:20,33100,26300,20800,17100,14300,11700,9800,8300,7100,6200,46.32,26.41,1019
2026-05-26 19:40:21,33200,26400,21000,17200,14300,11600,9800,8300,7200,6200,46.30,26.40,1019
2026-05-26 19:40:23,33300,26500,20900,17100,14300,11900,9800,8300,7200,6200,46.25,26.40,1019
2026-05-26 19:40:24,33300,26400,21000,17100,14300,11900,9800,8400,7200,6200,46.21,26.40,1019
2026-05-26 19:40:26,33200,26500,21000,17200,14300,11900,9800,8300,7100,6200,46.20,26.40,1019
2026-05-26 19:40:27,33100,26400,20800,17100,14300,11600,9800,8300,7100,6200,46.25,26.41,1019
2026-05-26 19:40:28,33000,26200,20800,17100,14200,11600,9800,8300,7100,6200,46.33,26.41,1019
2026-05-26 19:40:30,32900,26200,20700,17000,14200,11600,9800,8300,7100,6200,46.38,26.41,1019
2026-05-26 19:40:31,32800,26200,20800,17000,14200,11600,9800,8300,7100,6200,46.42,26.41,1019
2026-05-26 19:40:33,32800,26200,20800,17000,14200,11600,9800,8300,7100,6200,46.39,26.42,1019
2026-05-26 19:40:34,32900,26200,20800,17100,14200,11600,9800,8300,7100,6200,46.39,26.42,1019
2026-05-26 19:40:36,33100,26300,20800,17100,14200,11600,9800,8300,7100,6200,46.32,26.42,1019
2026-05-26 19:40:37,33100,26400,20900,17200,14300,11600,9800,8300,7100,6200,46.25,26.43,1019
2026-05-26 19:40:38,33300,26500,20900,17100,14300,11700,9900,8300,7200,6200,46.16,26.43,1019
2026-05-26 19:40:40,33500,26600,21000,17200,14400,12000,9900,8400,7200,6300,46.07,26.43,1019
2026-05-26 19:40:41,33600,26800,21300,17300,14400,12000,9900,8400,7200,6300,45.98,26.43,1019
2026-05-26 19:40:43,33700,26800,21300,17400,14500,12000,9900,8400,7200,6300,45.95,26.44,1019
2026-05-26 19:40:44,33700,26800,21200,17300,14500,12100,9900,8400,7200,6300,46.01,26.44,1019
2026-05-26 19:40:46,33700,26800,21200,17300,14400,12000,9900,8400,7200,6300,46.11,26.45,1019
2026-05-26 19:40:47,33500,26700,21100,17300,14400,12000,9900,8400,7200,6200,46.21,26.45,1019
2026-05-26 19:40:48,33700,26600,21100,17300,14400,12000,9900,8400,7200,6300,46.29,26.45,1019
2026-05-26 19:40:50,33500,26600,21100,17300,14400,12000,9900,8400,7200,6200,46.37,26.45,1019
2026-05-26 19:40:51,33500,26600,21100,17300,14400,12000,9900,8400,7200,6300,46.39,26.45,1019
2026-05-26 19:40:53,33600,26700,21200,17300,14400,12000,9900,8400,7200,6300,46.41,26.46,1019
2026-05-26 19:40:54,33600,26800,21200,17300,14400,12000,9900,8400,7200,6300,46.45,26.46,1019
2026-05-26 19:40:55,33600,26700,21000,17300,14400,12000,9900,8400,7200,6300,46.44,26.45,1019
2026-05-26 19:40:57,33500,26700,21100,17300,14400,12000,9900,8400,7200,6300,46.50,26.47,1019
2026-05-26 19:40:58,33600,26600,21100,17300,14400,12000,9900,8400,7200,6200,46.55,26.46,1019
2026-05-26 19:41:00,33500,26600,21100,17300,14400,12000,9900,8400,7200,6200,46.59,26.47,1019
2026-05-26 19:41:01,33500,26600,21100,17300,14400,12000,9800,8400,7200,6300,46.61,26.47,1019
2026-05-26 19:41:03,33500,26600,21200,17300,14400,12000,9900,8400,7200,6200,46.64,26.48,1019
2026-05-26 19:41:04,33500,26700,21100,17300,14400,12000,9900,8400,7200,6200,46.63,26.48,1019
2026-05-26 19:41:05,33500,26700,21100,17300,14400,12000,9900,8400,7200,6300,46.60,26.48,1019
2026-05-26 19:41:07,33700,26700,21100,17300,14400,12000,9900,8400,7200,6300,46.54,26.48,1019
2026-05-26 19:41:08,33600,26700,21200,17300,14500,12000,9900,8400,7200,6300,46.51,26.48,1019
2026-05-26 19:41:10,33700,26700,21100,17300,14400,12000,9900,8400,7200,6300,46.49,26.49,1019
2026-05-26 19:41:11,33600,26700,21100,17300,14400,12000,9900,8400,7200,6300,46.46,26.48,1019
2026-05-26 19:41:13,33700,26800,21200,17400,14400,12000,9900,8400,7200,6300,46.44,26.49,1019
2026-05-26 19:41:14,33800,26800,21200,17400,14500,12000,9900,8400,7200,6300,46.46,26.50,1019
2026-05-26 19:41:15,33600,26700,21100,17400,14400,12000,9900,8400,7200,6300,46.48,26.50,1019
2026-05-26 19:41:17,33900,26700,21200,17300,14400,12000,9900,8400,7200,6300,46.48,26.50,1019
2026-05-26 19:41:18,33600,26700,21100,17300,14500,12000,9900,8400,7200,6200,46.53,26.50,1019
2026-05-26 19:41:20,33600,26600,21100,17300,14400,12000,9800,8400,7200,6200,46.57,26.49,1019
2026-05-26 19:41:21,33300,26500,21000,17200,14300,11900,9800,8400,7200,6200,46.58,26.50,1019
2026-05-26 19:41:23,33400,26600,21100,17300,14400,12000,9900,8400,7200,6300,46.46,26.48,1019
2026-05-26 19:41:24,34000,27000,21400,17400,14600,12200,10000,8500,7300,6400,46.14,26.48,1019
2026-05-26 19:41:25,34800,27500,21700,17800,14800,12300,10100,8600,7400,6400,45.90,26.48,1019
2026-05-26 19:41:27,34900,27600,21800,17900,14900,12300,10100,8600,7400,6400,45.73,26.47,1019
2026-05-26 19:41:28,34700,27600,21800,17800,14800,12300,10100,8600,7400,6400,45.71,26.46,1019
2026-05-26 19:41:30,34800,27500,21700,17700,14800,12300,10000,8500,7300,6400,45.73,26.47,1019
2026-05-26 19:41:31,34400,27300,21600,17600,14700,12200,10000,8500,7300,6400,45.72,26.48,1019
2026-05-26 19:41:32,34400,27300,21500,17600,14700,12200,10000,8500,7300,6300,45.71,26.48,1019
2026-05-26 19:41:34,34100,27100,21400,17500,14600,12200,10000,8500,7300,6300,45.76,26.48,1019
2026-05-26 19:41:35,34000,26900,21300,17500,14500,12100,9900,8400,7300,6300,45.78,26.47,1019
2026-05-26 19:41:37,34000,26900,21300,17400,14500,12100,10000,8400,7200,6300,45.75,26.48,1019
2026-05-26 19:41:38,33900,26900,21300,17400,14500,12100,9900,8500,7200,6300,45.71,26.47,1019
2026-05-26 19:41:40,34000,27000,21300,17400,14600,12100,10000,8500,7200,6300,45.67,26.48,1019
2026-05-26 19:41:41,34000,26900,21300,17500,14500,12100,10000,8500,7200,6300,45.67,26.48,1019
2026-05-26 19:41:42,33700,26800,21300,17300,14500,12100,10000,8400,7200,6300,45.72,26.48,1019
2026-05-26 19:41:44,33700,26800,21200,17400,14400,12000,9900,8400,7200,6300,45.77,26.48,1019
2026-05-26 19:41:45,33800,26800,21200,17400,14500,12000,9900,8400,7200,6300,45.86,26.48,1019
2026-05-26 19:41:47,33700,26900,21200,17400,14500,12000,9900,8400,7200,6300,45.87,26.48,1019
2026-05-26 19:41:48,33700,26800,21200,17400,14500,12000,9900,8400,7200,6300,45.94,26.49,1019
2026-05-26 19:41:50,33700,26800,21200,17300,14500,12000,9900,8400,7200,6300,46.01,26.48,1019
2026-05-26 19:41:51,33500,26700,21100,17400,14400,12000,9900,8400,7200,6200,46.08,26.48,1019
2026-05-26 19:41:52,33600,26600,21000,17200,14400,11900,9800,8300,7200,6200,46.19,26.48,1019
2026-05-26 19:41:54,33200,26400,20900,17200,14300,11600,9800,8300,7100,6200,46.33,26.48,1019
2026-05-26 19:41:55,33000,26300,20800,17100,14200,11600,9800,8300,7100,6200,46.47,26.48,1019
2026-05-26 19:41:57,32900,26200,20800,17000,14200,11500,9700,8300,7100,6200,46.65,26.49,1019
2026-05-26 19:41:58,32600,26000,20600,16900,14100,11500,9700,8200,7000,6100,46.74,26.49,1019
2026-05-26 19:41:59,32500,25900,20500,16900,14000,11500,9700,8200,7100,6100,46.83,26.49,1019
2026-05-26 19:42:01,32700,25900,20500,16900,14000,11500,9700,8200,7000,6100,46.89,26.49,1019
2026-05-26 19:42:02,32500,25900,20500,16800,14100,11500,9700,8200,7100,6100,46.90,26.49,1019
2026-05-26 19:42:04,32700,25900,20500,16900,14100,11500,9700,8200,7000,6100,46.90,26.49,1019
2026-05-26 19:42:05,32500,25900,20600,16900,14100,11500,9700,8200,7100,6100,46.87,26.49,1019
2026-05-26 19:42:07,32700,26000,20600,16800,14100,11500,9700,8200,7100,6100,46.83,26.49,1019
2026-05-26 19:42:08,32700,26000,20600,16900,14100,11500,9700,8200,7100,6200,46.74,26.49,1019
2026-05-26 19:42:09,32800,26100,20700,17000,14100,11500,9700,8200,7100,6200,46.65,26.49,1019
2026-05-26 19:42:11,32800,26100,20700,17000,14200,11500,9700,8300,7100,6100,46.58,26.50,1019
2026-05-26 19:42:12,32700,26100,20700,17000,14100,11500,9700,8300,7100,6200,46.48,26.49,1019
2026-05-26 19:42:14,32800,26000,20700,17000,14100,11500,9700,8200,7100,6200,46.42,26.49,1019
2026-05-26 19:42:15,32800,26100,20700,16900,14200,11500,9700,8200,7100,6100,46.39,26.49,1019
2026-05-26 19:42:17,32700,26100,20600,16900,14100,11500,9700,8200,7100,6200,46.39,26.49,1019
2026-05-26 19:42:18,32700,26000,20600,16900,14100,11500,9700,8200,7000,6100,46.43,26.49,1019
2026-05-26 19:42:19,32500,25900,20500,16800,14000,11400,9700,8200,7000,6100,46.50,26.50,1019
2026-05-26 19:42:21,32400,25800,20500,16800,14000,11400,9600,8200,7000,6100,46.58,26.50,1019
2026-05-26 19:42:22,32400,25700,20400,16800,14000,11400,9600,8200,7000,6100,46.66,26.51,1019
2026-05-26 19:42:24,32200,25600,20300,16700,13900,11400,9600,8100,7000,6100,46.74,26.50,1019
2026-05-26 19:42:25,32200,25700,20400,16700,13900,11400,9600,8200,7000,6100,46.81,26.52,1019
2026-05-26 19:42:27,32300,25700,20400,16700,13900,11400,9600,8200,7000,6100,46.86,26.51,1019
2026-05-26 19:42:28,32300,25700,20400,16700,14000,11400,9600,8100,7000,6100,46.91,26.51,1019
2026-05-26 19:42:29,32300,25700,20400,16800,13900,11400,9600,8200,7000,6100,46.97,26.51,1019
2026-05-26 19:42:31,32200,25700,20400,16700,14000,11400,9600,8200,7000,6100,47.02,26.51,1019
2026-05-26 19:42:32,32200,25700,20400,16700,14000,11400,9600,8100,7000,6100,47.06,26.51,1019
2026-05-26 19:42:34,32300,25700,20400,16800,13900,11400,9600,8200,7000,6100,47.10,26.52,1019
2026-05-26 19:42:35,32300,25700,20400,16800,13900,11400,9600,8200,7000,6100,47.08,26.52,1019
2026-05-26 19:42:36,32300,25700,20400,16800,13900,11400,9600,8100,7000,6100,47.08,26.52,1019
2026-05-26 19:42:38,32300,25800,20400,16800,14000,11400,9600,8200,7000,6100,47.06,26.51,1019
2026-05-26 19:42:39,32300,25800,20300,16800,14000,11400,9600,8200,7000,6100,47.06,26.52,1019
2026-05-26 19:42:41,32300,25700,20400,16700,14000,11400,9600,8200,7000,6100,47.03,26.51,1019
2026-05-26 19:42:42,32300,25800,20500,16800,14000,11400,9700,8200,7000,6100,47.03,26.52,1019
2026-05-26 19:42:44,32500,25900,20500,16800,14000,11500,9700,8200,7000,6100,47.00,26.52,1019
2026-05-26 19:42:45,32600,26000,20700,16900,14100,11500,9700,8200,7100,6200,46.87,26.52,1019
2026-05-26 19:42:46,32900,26100,20700,16900,14200,11600,9700,8300,7100,6200,46.72,26.52,1019
2026-05-26 19:42:48,33100,26300,20900,17100,14300,11600,9800,8300,7100,6200,46.49,26.53,1019
2026-05-26 19:42:49,33400,26600,21000,17200,14400,12000,9900,8400,7200,6200,46.23,26.52,1019
2026-05-26 19:42:51,33800,26900,21300,17400,14500,12100,10000,8500,7200,6300,45.96,26.52,1019
2026-05-26 19:42:52,34200,27300,21500,17600,14700,12200,10100,8500,7300,6400,45.66,26.52,1019
2026-05-26 19:42:54,34900,27700,21900,17900,15000,12400,10200,8700,7400,6500,45.36,26.52,1019
2026-05-26 19:42:55,35700,28200,22300,18200,15200,12600,10300,8700,7500,6500,45.10,26.52,1019
2026-05-26 19:42:56,36100,28400,22500,18300,15300,12700,10400,8800,7500,6500,44.90,26.51,1019
2026-05-26 19:42:58,36400,28800,22600,18500,15400,12700,10500,8900,7600,6600,44.76,26.52,1019
2026-05-26 19:42:59,36900,29000,22900,18600,15500,12800,10500,8900,7600,6600,44.67,26.51,1019
2026-05-26 19:43:01,36600,28900,22800,18600,15500,12800,10500,8900,7600,6600,44.68,26.51,1019
2026-05-26 19:43:02,36500,28800,22700,18500,15400,12800,10500,8900,7600,6600,44.73,26.52,1019
2026-05-26 19:43:04,36500,28700,22700,18500,15400,12700,10400,8800,7600,6600,44.77,26.51,1019
2026-05-26 19:43:05,36300,28700,22700,18500,15300,12700,10500,8900,7600,6600,44.81,26.52,1019
2026-05-26 19:43:06,36300,28700,22600,18400,15400,12700,10500,8800,7600,6500,44.84,26.52,1019
2026-05-26 19:43:08,36300,28700,22700,18400,15300,12700,10400,8800,7500,6500,44.87,26.52,1019
2026-05-26 19:43:09,36300,28700,22500,18500,15400,12700,10400,8800,7500,6600,44.96,26.51,1019
2026-05-26 19:43:11,36300,28700,22700,18400,15400,12700,10400,8800,7500,6600,45.02,26.52,1019
2026-05-26 19:43:12,36200,28600,0,18500,15300,12700,10400,8800,7500,6500,45.09,26.52,1019
2026-05-26 19:43:13,36300,28600,22600,18400,15400,12700,10500,8800,7600,6600,45.15,26.52,1019
2026-05-26 19:43:15,36400,28700,22600,18500,15300,12700,10500,8900,7600,6600,45.21,26.52,1019
2026-05-26 19:43:16,36400,28700,22600,18400,15500,12700,10500,8900,7600,6600,45.26,26.53,1019
2026-05-26 19:43:18,36400,28800,22700,18500,15400,12800,10500,8900,7600,6600,45.26,26.53,1019
2026-05-26 19:43:19,36800,28800,22800,18500,15400,12800,10500,8900,7600,6600,45.23,26.53,1019
2026-05-26 19:43:21,36700,29000,22900,18700,15500,12900,10500,9000,7600,6600,45.13,26.53,1019
2026-05-26 19:43:22,37000,29300,23500,18700,15600,12900,10600,9000,7700,6700,44.99,26.54,1019
2026-05-26 19:43:23,37400,29500,23700,18900,15800,13100,10700,9100,7700,6700,44.83,26.53,1019
2026-05-26 19:43:25,37900,29900,24000,19200,15900,13200,10900,9200,7800,6800,44.65,26.53,1019
2026-05-26 19:43:26,38400,30200,24200,19300,16000,13300,10900,9200,7900,6800,44.48,26.54,1019
2026-05-26 19:43:28,39000,30500,24500,19500,16200,13400,11000,9300,7900,6900,44.32,26.53,1019
2026-05-26 19:43:29,39200,30900,24800,19800,16500,13600,11100,9400,8000,6900,44.13,26.53,1019
2026-05-26 19:43:31,39600,31200,24900,19900,16500,13600,11200,9400,8000,6900,44.07,26.53,1019
2026-05-26 19:43:32,39700,31000,24800,19800,16500,13600,11100,9400,8000,6900,44.13,26.54,1019
2026-05-26 19:43:33,39000,30700,24500,19600,16300,13500,11000,9300,7900,6800,44.30,26.53,1019
2026-05-26 19:43:35,38700,30400,24400,19500,16100,13300,11000,9200,7900,6800,44.51,26.53,1019
2026-05-26 19:43:36,38300,30200,24200,19300,16000,13300,10900,9100,7800,6800,44.72,26.54,1019
2026-05-26 19:43:38,38000,29900,24000,19200,15900,13100,10800,9100,7800,6700,44.97,26.54,1019
2026-05-26 19:43:39,37800,29700,23800,19000,15900,13100,10700,9100,7700,6700,45.17,26.54,1019
2026-05-26 19:43:40,37400,29400,23600,18900,15700,13000,10700,9000,7700,6700,45.35,26.55,1019
2026-05-26 19:43:42,37100,29200,23500,18800,15600,12900,10600,9000,7700,6600,45.47,26.55,1019
2026-05-26 19:43:43,36800,29100,22900,18600,15500,12900,10600,8900,7600,6600,45.59,26.55,1019
2026-05-26 19:43:45,36700,28900,22800,18600,15500,12800,10500,8900,7600,6600,45.65,26.55,1019
2026-05-26 19:43:46,36500,28800,22800,18600,15500,12800,10500,8900,7600,6600,45.69,26.55,1019
2026-05-26 19:43:48,36600,28900,22700,18600,15500,12800,10500,8900,7600,6600,45.68,26.55,1019
2026-05-26 19:43:49,36700,28900,22800,18600,15500,12800,10500,8900,7600,6600,45.63,26.55,1019
2026-05-26 19:43:50,36800,29100,23400,18700,15600,12900,10600,8900,7700,6700,45.59,26.55,1019
2026-05-26 19:43:52,37100,29200,23500,18800,15600,13000,10600,9000,7700,6700,45.49,26.56,1019
2026-05-26 19:43:53,37300,29500,23700,19000,15700,13000,10700,9000,7800,6700,45.36,26.55,1019
2026-05-26 19:43:55,37800,29800,24000,19100,15900,13100,10800,9100,7800,6800,45.23,26.56,1019
2026-05-26 19:43:56,38200,30000,24200,19300,16000,13300,10800,9200,7800,6800,45.08,26.56,1019
2026-05-26 19:43:58,38600,30200,24400,19400,16200,13300,10900,9300,7900,6900,44.93,26.57,1019
2026-05-26 19:43:59,38900,30600,24600,19600,16300,13500,11100,9300,7900,6900,44.79,26.56,1019
2026-05-26 19:44:00,39500,30900,24800,19800,16400,13600,11100,9400,8000,6900,44.61,26.56,1019
2026-05-26 19:44:02,39900,31300,25100,20000,16600,13700,11200,9500,8100,7000,44.47,26.56,1019
2026-05-26 19:44:03,40200,31500,25300,20100,16700,13800,11300,9500,8100,7000,44.30,26.57,1019
2026-05-26 19:44:05,40500,31700,25400,20300,16800,13800,11300,9500,8100,7000,44.27,26.56,1019
2026-05-26 19:44:06,40300,31500,25300,20100,16600,13800,11300,9500,8100,7000,44.39,26.56,1019
2026-05-26 19:44:08,39600,31100,24900,19900,16500,13600,11100,9400,8000,6900,44.59,26.56,1019
2026-05-26 19:44:09,39000,30700,24700,19600,16200,13500,11000,9300,7900,6800,44.85,26.56,1019
2026-05-26 19:44:10,38600,30200,24300,19400,16100,13300,10900,9200,7800,6800,45.09,26.56,1019
2026-05-26 19:44:12,38100,30000,24100,19200,16000,13200,10900,9100,7800,6800,45.29,26.56,1019
2026-05-26 19:44:13,37900,29800,24000,19100,15900,13100,10800,9100,7800,6800,45.40,26.56,1019
2026-05-26 19:44:15,37800,29800,23900,19100,15800,13100,10800,9100,7800,6700,45.46,26.57,1019
